[{"model": "bids.auction", "pk": 11, "fields": {"start_date": "2021-05-01T10:00:00", "end_date": "2021-05-03T18:00:00", "location": 1}}, {"model": "bids.auction", "pk": 12, "fields": {"start_date": "2021-05-02T10:00:00", "end_date": "2021-05-02T21:00:00", "location": 2}}, {"model": "bids.auction", "pk": 13, "fields": {"start_date": "2021-05-03T19:00:00", "end_date": "2021-05-05T21:00:00", "location": 3}}, {"model": "bids.auction", "pk": 14, "fields": {"start_date": "2021-05-05T09:00:00", "end_date": "2021-05-05T20:00:00", "location": 4}}, {"model": "bids.auction", "pk": 15, "fields": {"start_date": "2021-05-06T19:00:00", "end_date": "2021-05-06T21:00:00", "location": 5}}, {"model": "bids.auction", "pk": 16, "fields": {"start_date": "2021-05-07T18:00:00", "end_date": "2021-05-07T21:00:00", "location": 6}}, {"model": "bids.auction", "pk": 17, "fields": {"start_date": "2021-05-07T11:00:00", "end_date": "2021-05-08T21:00:00", "location": 1}}, {"model": "bids.auction", "pk": 18, "fields": {"start_date": "2021-05-07T17:00:00", "end_date": "2021-05-09T21:00:00", "location": 2}}, {"model": "bids.auction", "pk": 19, "fields": {"start_date": "2021-05-08T09:00:00", "end_date": "2021-05-09T18:00:00", "location": 3}}, {"model": "bids.auction", "pk": 20, "fields": {"start_date": "2021-05-10T10:00:00", "end_date": "2021-05-12T10:00:00", "location": 4}}, {"model": "bids.location", "pk": 1, "fields": {"name": "야호 아트갤러리", "address": "서울 서초구 신반포로47길 56 지하1층", "phone_number": "02-544-2639", "site_url": "www.lynnfineart.org/bbs/page.php?page_=sub2_01", "operating_hour": "평일 10:00 ~ 21:00", "latitude_x": "127.0183737710409986", "longitude_y": "37.5128690375928002"}}, {"model": "bids.location", "pk": 2, "fields": {"name": "K-미술관", "address": "서울 강남구 선릉로 807", "phone_number": "02-2138-0952", "site_url": "www.instagram.com/kmcaseoul", "operating_hour": "화~일 10:00 ~ 19:00", "latitude_x": "127.0391717160009932", "longitude_y": "37.5243794232829018"}}, {"model": "bids.location", "pk": 3, "fields": {"name": "위콛 갤러리", "address": "서울 강남구 도산대로87길", "phone_number": "02-909-2111", "site_url": "www.galeriepici.com", "operating_hour": "월~토 10:00 ~ 18:00", "latitude_x": "127.0501537796289995", "longitude_y": "37.5263754951185007"}}, {"model": "bids.location", "pk": 4, "fields": {"name": "영끌 미술관", "address": "서울 용산구 한남대로20길 33-5", "phone_number": "02-3333-3333", "site_url": null, "operating_hour": "화~목 12:00 ~ 18:00", "latitude_x": "127.0089309220090001", "longitude_y": "37.5351891309580026"}}, {"model": "bids.location", "pk": 5, "fields": {"name": "위고 아트스페이스", "address": "서울 서초구 반포대로 9", "phone_number": "02-2055-0000", "site_url": "artspacek.hoseo.ac.kr", "operating_hour": null, "latitude_x": "127.0123065259680004", "longitude_y": "37.4813928010078996"}}, {"model": "bids.location", "pk": 6, "fields": {"name": "와우산 갤러리", "address": "서울 마포구 와우산로 99", "phone_number": "02-1111-3030", "site_url": null, "operating_hour": "월~금 11:00 ~ 20:00", "latitude_x": "126.9245853699950004", "longitude_y": "37.5531848316649004"}}, {"model": "bids.location", "pk": 7, "fields": {"name": "갬성 천국 아트센터", "address": "경기 고양시 일산동구 중앙로 1296", "phone_number": "070-333-3333", "site_url": null, "operating_hour": "매일 09:00 ~ 09:00", "latitude_x": "126.7726922005909955", "longitude_y": "37.6618974763036007"}}, {"model": "bids.auctionart", "pk": 1, "fields": {"auction": 11, "art": 1499}}, {"model": "bids.auctionart", "pk": 2, "fields": {"auction": 11, "art": 1547}}, {"model": "bids.auctionart", "pk": 3, "fields": {"auction": 11, "art": 954}}, {"model": "bids.auctionart", "pk": 4, "fields": {"auction": 11, "art": 26}}, {"model": "bids.auctionart", "pk": 5, "fields": {"auction": 11, "art": 1747}}, {"model": "bids.auctionart", "pk": 6, "fields": {"auction": 11, "art": 1267}}, {"model": "bids.auctionart", "pk": 7, "fields": {"auction": 11, "art": 2904}}, {"model": "bids.auctionart", "pk": 8, "fields": {"auction": 11, "art": 3452}}, {"model": "bids.auctionart", "pk": 9, "fields": {"auction": 11, "art": 684}}, {"model": "bids.auctionart", "pk": 10, "fields": {"auction": 11, "art": 338}}, {"model": "bids.auctionart", "pk": 11, "fields": {"auction": 11, "art": 1079}}, {"model": "bids.auctionart", "pk": 12, "fields": {"auction": 11, "art": 2056}}, {"model": "bids.auctionart", "pk": 13, "fields": {"auction": 12, "art": 656}}, {"model": "bids.auctionart", "pk": 14, "fields": {"auction": 12, "art": 953}}, {"model": "bids.auctionart", "pk": 15, "fields": {"auction": 12, "art": 746}}, {"model": "bids.auctionart", "pk": 16, "fields": {"auction": 13, "art": 3541}}, {"model": "bids.auctionart", "pk": 17, "fields": {"auction": 13, "art": 3038}}, {"model": "bids.auctionart", "pk": 18, "fields": {"auction": 13, "art": 3789}}, {"model": "bids.auctionart", "pk": 19, "fields": {"auction": 13, "art": 326}}, {"model": "bids.auctionart", "pk": 20, "fields": {"auction": 13, "art": 1351}}, {"model": "bids.auctionart", "pk": 21, "fields": {"auction": 13, "art": 4003}}, {"model": "bids.auctionart", "pk": 22, "fields": {"auction": 13, "art": 1940}}, {"model": "bids.auctionart", "pk": 23, "fields": {"auction": 13, "art": 3711}}, {"model": "bids.auctionart", "pk": 24, "fields": {"auction": 13, "art": 3468}}, {"model": "bids.auctionart", "pk": 25, "fields": {"auction": 13, "art": 111}}, {"model": "bids.auctionart", "pk": 26, "fields": {"auction": 14, "art": 3848}}, {"model": "bids.auctionart", "pk": 27, "fields": {"auction": 14, "art": 3672}}, {"model": "bids.auctionart", "pk": 28, "fields": {"auction": 14, "art": 2515}}, {"model": "bids.auctionart", "pk": 29, "fields": {"auction": 14, "art": 3326}}, {"model": "bids.auctionart", "pk": 30, "fields": {"auction": 15, "art": 2384}}, {"model": "bids.auctionart", "pk": 31, "fields": {"auction": 15, "art": 1737}}, {"model": "bids.auctionart", "pk": 32, "fields": {"auction": 15, "art": 191}}, {"model": "bids.auctionart", "pk": 33, "fields": {"auction": 15, "art": 3233}}, {"model": "bids.auctionart", "pk": 34, "fields": {"auction": 15, "art": 2019}}, {"model": "bids.auctionart", "pk": 35, "fields": {"auction": 15, "art": 2764}}, {"model": "bids.auctionart", "pk": 36, "fields": {"auction": 16, "art": 3472}}, {"model": "bids.auctionart", "pk": 37, "fields": {"auction": 16, "art": 3248}}, {"model": "bids.auctionart", "pk": 38, "fields": {"auction": 16, "art": 1106}}, {"model": "bids.auctionart", "pk": 39, "fields": {"auction": 16, "art": 47}}, {"model": "bids.auctionart", "pk": 40, "fields": {"auction": 16, "art": 1215}}, {"model": "bids.auctionart", "pk": 41, "fields": {"auction": 17, "art": 1440}}, {"model": "bids.auctionart", "pk": 42, "fields": {"auction": 17, "art": 3913}}, {"model": "bids.auctionart", "pk": 43, "fields": {"auction": 17, "art": 2722}}, {"model": "bids.auctionart", "pk": 44, "fields": {"auction": 17, "art": 1656}}, {"model": "bids.auctionart", "pk": 45, "fields": {"auction": 17, "art": 2448}}, {"model": "bids.auctionart", "pk": 46, "fields": {"auction": 17, "art": 544}}, {"model": "bids.auctionart", "pk": 47, "fields": {"auction": 17, "art": 2523}}, {"model": "bids.auctionart", "pk": 48, "fields": {"auction": 17, "art": 1874}}, {"model": "bids.auctionart", "pk": 49, "fields": {"auction": 17, "art": 1907}}, {"model": "bids.auctionart", "pk": 50, "fields": {"auction": 18, "art": 956}}, {"model": "bids.auctionart", "pk": 51, "fields": {"auction": 18, "art": 1231}}, {"model": "bids.auctionart", "pk": 52, "fields": {"auction": 18, "art": 3430}}, {"model": "bids.auctionart", "pk": 53, "fields": {"auction": 18, "art": 3973}}, {"model": "bids.auctionart", "pk": 54, "fields": {"auction": 18, "art": 3207}}, {"model": "bids.auctionart", "pk": 55, "fields": {"auction": 18, "art": 1740}}, {"model": "bids.auctionart", "pk": 56, "fields": {"auction": 18, "art": 2554}}, {"model": "bids.auctionart", "pk": 57, "fields": {"auction": 18, "art": 4024}}, {"model": "bids.auctionart", "pk": 58, "fields": {"auction": 18, "art": 2219}}, {"model": "bids.auctionart", "pk": 59, "fields": {"auction": 19, "art": 2611}}, {"model": "bids.auctionart", "pk": 60, "fields": {"auction": 19, "art": 1397}}, {"model": "bids.auctionart", "pk": 61, "fields": {"auction": 19, "art": 574}}, {"model": "bids.auctionart", "pk": 62, "fields": {"auction": 19, "art": 3447}}, {"model": "bids.auctionart", "pk": 63, "fields": {"auction": 19, "art": 2724}}, {"model": "bids.auctionart", "pk": 64, "fields": {"auction": 19, "art": 2794}}, {"model": "bids.auctionart", "pk": 65, "fields": {"auction": 20, "art": 3407}}, {"model": "bids.auctionart", "pk": 66, "fields": {"auction": 20, "art": 3485}}, {"model": "bids.auctionart", "pk": 67, "fields": {"auction": 20, "art": 1307}}, {"model": "bids.auctionart", "pk": 68, "fields": {"auction": 20, "art": 219}}, {"model": "bids.auctionart", "pk": 69, "fields": {"auction": 20, "art": 3939}}, {"model": "bids.auctionart", "pk": 70, "fields": {"auction": 20, "art": 882}}, {"model": "bids.auctionart", "pk": 71, "fields": {"auction": 20, "art": 1281}}, {"model": "bids.auctionart", "pk": 72, "fields": {"auction": 20, "art": 1887}}, {"model": "bids.auctionart", "pk": 73, "fields": {"auction": 20, "art": 141}}, {"model": "bids.auctionart", "pk": 74, "fields": {"auction": 20, "art": 766}}, {"model": "bids.auctionart", "pk": 75, "fields": {"auction": 20, "art": 1003}}, {"model": "bids.auctionart", "pk": 76, "fields": {"auction": 20, "art": 1139}}]